# rbi_ref.csv - manual USD->INR override rates (date,rate), consumed by schedule_fa.load_simple_rates.
# ESTIMATES of SBI TT BUY. SBI ratekeeper (sbi_usd.csv, from 2020-01-06) OVERRIDES any overlap here.
# Derivations, all calibrated to SBI TT BUY on 2020-2026 overlaps:
#   1) 2010-01-01..2018-07-24  from BankWise.xls (SBI TT mid):   TT BUY = xls_mid - 0.425
#   2) 2018-07-25..2020-01-05  from ECB ref rate (frankfurter.app): TT BUY = ecb - 0.39
#   3) 2020-2021 SBI non-publish OUTAGES (>=3 consecutive business days, e.g. COVID Apr-Jun 2020,
#      Aug 2021) also from ECB: TT BUY = ecb - 0.39. Normal 1-2 day holidays are left to the
#      loader working-day rule (nearest prior published rate) and are NOT filled here.
#   (ECB->TTbuy offset: median SBI_TTbuy - ECB = -0.393 over 185 overlapping 2020 days.)
# ESTIMATES ONLY - for a filed return use the exact SBI TT BUY from SBI daily PDF for the date.
date,rate
2010-01-01,46.23
2010-01-04,46.09
2010-01-05,45.78
2010-01-06,45.7
2010-01-07,45.45
2010-01-08,45.38
2010-01-11,44.94
2010-01-12,44.98
2010-01-13,45.26
2010-01-14,45.05
2010-01-15,45.25
2010-01-18,45.23
2010-01-19,45.2
2010-01-20,45.53
2010-01-21,45.55
2010-01-22,45.75
2010-01-25,45.76
2010-01-27,45.87
2010-01-28,45.89
2010-01-29,45.95
2010-02-01,45.92
2010-02-02,45.83
2010-02-03,45.62
2010-02-04,45.67
2010-02-05,46.14
2010-02-08,46.39
2010-02-09,46.26
2010-02-10,46.14
2010-02-11,46.04
2010-02-15,45.96
2010-02-16,45.76
2010-02-17,45.6
2010-02-18,45.8
2010-02-19,46.05
2010-02-22,45.73
2010-02-23,45.71
2010-02-24,45.83
2010-02-25,45.94
2010-02-26,45.8
2010-03-02,45.6
2010-03-03,45.48
2010-03-04,45.4
2010-03-05,45.36
2010-03-08,45.01
2010-03-09,45.12
2010-03-10,44.98
2010-03-11,45.05
2010-03-12,45.03
2010-03-15,45.16
2010-03-17,44.98
2010-03-18,45.07
2010-03-19,45.05
2010-03-22,45.07
2010-03-23,45.14
2010-03-25,45.21
2010-03-26,44.92
2010-03-29,44.66
2010-03-30,44.52
2010-03-31,44.72
2010-04-05,44.3
2010-04-06,44.03
2010-04-07,44.0
2010-04-08,44.27
2010-04-09,43.93
2010-04-12,43.93
2010-04-13,44.2
2010-04-15,43.96
2010-04-16,44.07
2010-04-19,44.18
2010-04-20,44.19
2010-04-21,43.98
2010-04-22,44.03
2010-04-23,44.12
2010-04-26,43.91
2010-04-27,44.03
2010-04-28,44.18
2010-04-29,44.15
2010-04-30,44.02
2010-05-03,44.14
2010-05-04,44.14
2010-05-05,44.45
2010-05-06,44.98
2010-05-07,45.16
2010-05-10,44.54
2010-05-11,44.72
2010-05-12,44.91
2010-05-13,44.57
2010-05-14,44.68
2010-05-17,45.3
2010-05-18,45.12
2010-05-19,45.58
2010-05-20,46.33
2010-05-21,46.53
2010-05-24,46.25
2010-05-25,46.98
2010-05-26,47.15
2010-05-28,46.12
2010-05-31,46.03
2010-06-01,46.27
2010-06-02,46.77
2010-06-03,46.1
2010-06-04,46.25
2010-06-07,46.86
2010-06-08,46.53
2010-06-09,46.55
2010-06-10,46.55
2010-06-11,46.4
2010-06-14,46.15
2010-06-15,46.3
2010-06-16,45.93
2010-06-17,46.08
2010-06-18,45.72
2010-06-21,45.22
2010-06-22,45.62
2010-06-23,45.89
2010-06-24,45.82
2010-06-25,46.12
2010-06-28,45.73
2010-06-29,46.1
2010-06-30,46.18
2010-07-01,46.26
2010-07-02,46.26
2010-07-05,46.27
2010-07-06,46.38
2010-07-07,46.66
2010-07-08,46.43
2010-07-09,46.33
2010-07-12,46.3
2010-07-13,46.51
2010-07-14,46.21
2010-07-15,46.32
2010-07-16,46.38
2010-07-19,46.66
2010-07-20,46.68
2010-07-21,46.83
2010-07-22,46.91
2010-07-23,46.58
2010-07-26,46.44
2010-07-27,46.34
2010-07-28,46.15
2010-07-29,46.21
2010-07-30,46.04
2010-08-02,45.77
2010-08-03,45.8
2010-08-04,45.8
2010-08-05,45.8
2010-08-06,45.6
2010-08-09,45.65
2010-08-10,45.88
2010-08-11,46.12
2010-08-12,46.52
2010-08-13,46.16
2010-08-16,46.36
2010-08-17,46.26
2010-08-18,46.22
2010-08-20,46.16
2010-08-23,46.19
2010-08-24,46.37
2010-08-25,46.51
2010-08-26,46.39
2010-08-27,46.44
2010-08-30,46.42
2010-08-31,46.66
2010-09-01,46.45
2010-09-02,46.36
2010-09-03,46.25
2010-09-06,46.05
2010-09-07,46.29
2010-09-08,46.28
2010-09-09,46.14
2010-09-13,45.89
2010-09-14,45.95
2010-09-15,45.95
2010-09-16,45.88
2010-09-17,45.55
2010-09-20,45.19
2010-09-21,45.3
2010-09-22,45.11
2010-09-23,45.17
2010-09-24,45.12
2010-09-27,44.62
2010-09-28,44.71
2010-09-29,44.5
2010-10-01,44.26
2010-10-04,43.95
2010-10-05,44.3
2010-10-06,43.88
2010-10-07,43.86
2010-10-08,43.96
2010-10-11,43.88
2010-10-12,44.32
2010-10-13,44.08
2010-10-14,43.76
2010-10-15,43.61
2010-10-18,43.84
2010-10-19,44.04
2010-10-20,43.87
2010-10-21,43.94
2010-10-22,44.04
2010-10-25,43.94
2010-10-26,44.01
2010-10-27,44.1
2010-10-28,44.07
2010-10-29,44.12
2010-11-01,44.0
2010-11-02,44.01
2010-11-03,43.94
2010-11-04,43.9
2010-11-08,43.84
2010-11-09,43.98
2010-11-10,43.97
2010-11-11,43.83
2010-11-12,44.22
2010-11-15,44.72
2010-11-16,44.8
2010-11-18,45.03
2010-11-19,44.84
2010-11-22,44.87
2010-11-23,45.19
2010-11-24,45.23
2010-11-25,45.22
2010-11-26,45.32
2010-11-29,45.39
2010-11-30,45.62
2010-12-01,45.28
2010-12-02,44.95
2010-12-03,44.67
2010-12-06,44.43
2010-12-07,44.42
2010-12-08,44.7
2010-12-09,44.75
2010-12-10,44.8
2010-12-13,44.83
2010-12-14,44.59
2010-12-15,44.9
2010-12-16,44.97
2010-12-20,44.96
2010-12-21,44.84
2010-12-22,44.71
2010-12-23,44.6
2010-12-24,44.8
2010-12-27,44.73
2010-12-28,44.75
2010-12-29,44.7
2010-12-30,44.48
2010-12-31,44.39
2011-01-03,44.25
2011-01-04,44.42
2011-01-05,44.78
2011-01-06,44.89
2011-01-07,44.95
2011-01-10,45.02
2011-01-11,44.9
2011-01-12,44.73
2011-01-13,44.71
2011-01-14,44.88
2011-01-17,45.17
2011-01-18,45.11
2011-01-19,44.96
2011-01-20,45.16
2011-01-21,45.28
2011-01-24,45.16
2011-01-25,45.11
2011-01-27,45.15
2011-01-28,45.32
2011-01-31,45.53
2011-02-01,45.39
2011-02-02,45.21
2011-02-03,45.21
2011-02-04,45.22
2011-02-07,45.17
2011-02-08,44.97
2011-02-09,44.91
2011-02-10,45.16
2011-02-11,45.34
2011-02-14,45.08
2011-02-15,45.03
2011-02-17,44.96
2011-02-18,44.76
2011-02-21,44.69
2011-02-22,44.78
2011-02-23,44.78
2011-02-24,44.95
2011-02-25,44.95
2011-02-28,44.76
2011-03-01,44.7
2011-03-03,44.54
2011-03-04,44.57
2011-03-07,44.71
2011-03-08,44.61
2011-03-09,44.6
2011-03-10,44.69
2011-03-11,44.79
2011-03-14,44.73
2011-03-15,44.85
2011-03-16,44.76
2011-03-17,44.82
2011-03-18,44.67
2011-03-21,44.62
2011-03-22,44.55
2011-03-23,44.54
2011-03-24,44.35
2011-03-25,44.23
2011-03-28,44.36
2011-03-29,44.25
2011-03-30,44.35
2011-03-31,44.23
2011-04-05,44.03
2011-04-06,43.78
2011-04-07,43.8
2011-04-08,43.62
2011-04-11,43.78
2011-04-13,44.05
2011-04-15,44.1
2011-04-18,43.85
2011-04-19,44.26
2011-04-20,43.96
2011-04-21,43.88
2011-04-25,44.03
2011-04-26,44.17
2011-04-27,43.98
2011-04-28,43.91
2011-04-29,43.96
2011-05-02,43.88
2011-05-03,43.92
2011-05-04,44.17
2011-05-05,44.15
2011-05-06,44.36
2011-05-09,44.28
2011-05-10,44.3
2011-05-11,44.27
2011-05-12,44.37
2011-05-13,44.48
2011-05-16,44.65
2011-05-18,44.66
2011-05-19,44.55
2011-05-20,44.51
2011-05-23,44.86
2011-05-24,44.83
2011-05-25,44.96
2011-05-26,44.87
2011-05-27,44.79
2011-05-30,44.68
2011-05-31,44.61
2011-06-01,44.47
2011-06-02,44.52
2011-06-03,44.43
2011-06-06,44.3
2011-06-07,44.32
2011-06-08,44.19
2011-06-09,44.3
2011-06-10,44.3
2011-06-13,44.45
2011-06-14,44.35
2011-06-15,44.26
2011-06-16,44.48
2011-06-17,44.51
2011-06-20,44.57
2011-06-21,44.48
2011-06-22,44.4
2011-06-23,44.51
2011-06-24,44.52
2011-06-27,44.68
2011-06-28,44.62
2011-06-29,44.52
2011-06-30,44.3
2011-07-01,44.16
2011-07-04,44.03
2011-07-05,44.07
2011-07-06,43.96
2011-07-07,43.99
2011-07-08,43.9
2011-07-11,43.95
2011-07-12,44.26
2011-07-13,44.16
2011-07-14,44.1
2011-07-15,44.1
2011-07-18,44.15
2011-07-19,44.16
2011-07-20,44.04
2011-07-21,44.01
2011-07-22,43.95
2011-07-25,43.99
2011-07-26,43.86
2011-07-27,43.52
2011-07-28,43.7
2011-07-29,43.73
2011-08-01,43.62
2011-08-02,43.8
2011-08-03,43.95
2011-08-04,43.99
2011-08-05,44.38
2011-08-08,44.54
2011-08-09,44.75
2011-08-10,44.78
2011-08-11,44.85
2011-08-12,44.95
2011-08-16,44.82
2011-08-17,44.94
2011-08-18,45.19
2011-08-22,45.52
2011-08-23,45.26
2011-08-24,45.34
2011-08-25,45.7
2011-08-26,45.63
2011-08-29,45.45
2011-08-30,45.59
2011-09-02,45.47
2011-09-05,45.51
2011-09-06,45.7
2011-09-07,45.6
2011-09-08,45.75
2011-09-09,45.96
2011-09-12,46.55
2011-09-13,46.67
2011-09-14,47.38
2011-09-15,47.42
2011-09-16,47.04
2011-09-19,47.37
2011-09-20,47.8
2011-09-21,47.47
2011-09-22,48.4
2011-09-23,49.25
2011-09-26,49.19
2011-09-27,48.75
2011-09-28,48.49
2011-09-29,48.5
2011-10-03,49.0
2011-10-04,48.8
2011-10-05,48.77
2011-10-07,48.71
2011-10-10,48.65
2011-10-11,48.61
2011-10-12,48.82
2011-10-13,48.6
2011-10-14,48.64
2011-10-17,48.47
2011-10-18,48.71
2011-10-19,48.75
2011-10-20,49.29
2011-10-21,49.64
2011-10-24,49.45
2011-10-25,49.23
2011-10-28,48.4
2011-10-31,48.45
2011-11-01,48.65
2011-11-02,48.83
2011-11-03,48.95
2011-11-04,48.66
2011-11-08,48.96
2011-11-09,49.36
2011-11-11,49.85
2011-11-14,49.66
2011-11-15,50.14
2011-11-16,50.48
2011-11-17,50.3
2011-11-18,50.93
2011-11-21,51.29
2011-11-22,52.28
2011-11-23,51.68
2011-11-24,51.83
2011-11-25,51.74
2011-11-28,51.56
2011-11-29,51.51
2011-11-30,51.74
2011-12-01,51.23
2011-12-02,50.93
2011-12-05,50.97
2011-12-07,51.02
2011-12-08,51.35
2011-12-09,51.8
2011-12-12,52.0
2011-12-13,52.98
2011-12-14,53.15
2011-12-15,53.81
2011-12-16,52.39
2011-12-19,52.53
2011-12-20,52.6
2011-12-21,52.25
2011-12-22,52.36
2011-12-23,52.3
2011-12-26,52.4
2011-12-27,52.47
2011-12-28,52.79
2011-12-29,52.93
2011-12-30,52.84
2012-01-02,52.87
2012-01-03,52.8
2012-01-04,52.72
2012-01-05,52.36
2012-01-06,52.36
2012-01-09,52.31
2012-01-10,51.8
2012-01-11,51.32
2012-01-12,51.4
2012-01-13,51.01
2012-01-16,51.23
2012-01-17,50.64
2012-01-18,50.24
2012-01-19,49.86
2012-01-20,49.9
2012-01-23,49.82
2012-01-24,49.54
2012-01-25,49.6
2012-01-27,49.22
2012-01-30,49.08
2012-01-31,49.26
2012-02-01,49.11
2012-02-02,48.7
2012-02-03,48.54
2012-02-06,48.25
2012-02-07,48.49
2012-02-08,48.64
2012-02-09,48.86
2012-02-10,49.22
2012-02-13,48.89
2012-02-14,48.91
2012-02-15,48.83
2012-02-17,48.79
2012-02-21,48.66
2012-02-22,48.82
2012-02-23,48.82
2012-02-24,48.64
2012-02-27,48.62
2012-02-28,48.72
2012-02-29,48.52
2012-03-01,48.73
2012-03-02,48.93
2012-03-05,49.37
2012-03-06,49.6
2012-03-07,50.15
2012-03-09,49.59
2012-03-12,49.52
2012-03-13,49.42
2012-03-14,49.48
2012-03-15,49.8
2012-03-16,49.89
2012-03-19,49.7
2012-03-20,49.83
2012-03-21,50.17
2012-03-22,50.48
2012-03-26,50.88
2012-03-27,50.48
2012-03-28,50.49
2012-03-29,50.72
2012-03-30,50.73
2012-04-03,50.14
2012-04-04,50.62
2012-04-09,50.85
2012-04-10,50.78
2012-04-11,51.12
2012-04-12,51.02
2012-04-13,50.99
2012-04-16,51.23
2012-04-17,51.2
2012-04-18,51.08
2012-04-19,51.47
2012-04-20,51.57
2012-04-23,51.8
2012-04-24,52.37
2012-04-25,52.06
2012-04-26,52.14
2012-04-27,52.26
2012-04-30,52.09
2012-05-02,52.51
2012-05-03,52.81
2012-05-04,53.3
2012-05-07,52.92
2012-05-08,52.43
2012-05-09,53.04
2012-05-10,52.91
2012-05-11,53.22
2012-05-14,53.29
2012-05-15,53.42
2012-05-16,53.87
2012-05-17,53.96
2012-05-18,54.45
2012-05-21,54.26
2012-05-22,54.46
2012-05-23,55.51
2012-05-24,55.86
2012-05-25,55.3
2012-05-28,54.84
2012-05-29,55.16
2012-05-30,55.58
2012-05-31,56.0
2012-06-01,55.49
2012-06-04,55.09
2012-06-05,55.14
2012-06-06,55.07
2012-06-07,54.72
2012-06-08,54.94
2012-06-11,54.81
2012-06-12,55.63
2012-06-13,55.43
2012-06-14,55.37
2012-06-15,55.34
2012-06-18,55.17
2012-06-19,55.59
2012-06-20,55.43
2012-06-21,55.99
2012-06-22,56.57
2012-06-25,56.11
2012-06-26,56.65
2012-06-27,56.79
2012-06-28,56.49
2012-06-29,55.88
2012-07-02,55.41
2012-07-03,54.39
2012-07-04,54.13
2012-07-05,54.6
2012-07-06,54.99
2012-07-09,55.6
2012-07-10,55.38
2012-07-11,54.94
2012-07-12,55.27
2012-07-13,55.23
2012-07-16,54.49
2012-07-17,54.72
2012-07-18,54.91
2012-07-19,54.96
2012-07-20,54.73
2012-07-23,55.34
2012-07-24,55.59
2012-07-25,55.95
2012-07-26,55.52
2012-07-27,54.99
2012-07-30,55.02
2012-07-31,55.38
2012-08-01,55.06
2012-08-02,55.35
2012-08-03,55.66
2012-08-06,55.05
2012-08-07,55.07
2012-08-08,54.72
2012-08-09,54.75
2012-08-10,54.92
2012-08-13,54.99
2012-08-14,55.22
2012-08-16,55.56
2012-08-17,55.28
2012-08-21,55.12
2012-08-22,55.09
2012-08-23,54.76
2012-08-24,54.96
2012-08-27,55.17
2012-08-28,55.35
2012-08-29,55.24
2012-08-30,55.22
2012-08-31,55.3
2012-09-03,55.03
2012-09-04,55.11
2012-09-05,55.47
2012-09-06,55.55
2012-09-07,55.1
2012-09-10,54.91
2012-09-11,55.1
2012-09-12,54.84
2012-09-13,55.02
2012-09-14,54.3
2012-09-17,53.55
2012-09-18,53.83
2012-09-20,53.91
2012-09-21,53.48
2012-09-24,52.87
2012-09-25,53.11
2012-09-26,53.15
2012-09-27,52.83
2012-09-28,52.27
2012-10-01,52.36
2012-10-03,51.91
2012-10-04,51.55
2012-10-05,51.19
2012-10-08,51.79
2012-10-09,51.95
2012-10-10,52.62
2012-10-11,52.65
2012-10-12,52.28
2012-10-15,52.69
2012-10-16,52.39
2012-10-17,52.33
2012-10-18,52.54
2012-10-19,53.29
2012-10-22,53.25
2012-10-23,53.16
2012-10-25,53.21
2012-10-29,53.38
2012-10-30,53.74
2012-10-31,53.69
2012-11-01,53.35
2012-11-02,53.24
2012-11-05,53.65
2012-11-06,54.17
2012-11-07,53.83
2012-11-08,54.02
2012-11-09,53.92
2012-11-12,54.51
2012-11-15,54.53
2012-11-16,54.57
2012-11-19,54.54
2012-11-20,54.48
2012-11-21,54.78
2012-11-22,54.73
2012-11-23,54.92
2012-11-26,55.27
2012-11-27,55.28
2012-11-29,54.78
2012-11-30,54.1
2012-12-03,54.14
2012-12-04,54.52
2012-12-05,54.14
2012-12-06,54.04
2012-12-07,53.78
2012-12-10,53.92
2012-12-11,53.89
2012-12-12,53.85
2012-12-13,53.81
2012-12-14,53.96
2012-12-17,54.2
2012-12-18,54.42
2012-12-19,54.31
2012-12-20,54.42
2012-12-21,54.66
2012-12-24,54.66
2012-12-26,54.54
2012-12-27,54.42
2012-12-28,54.42
2012-12-31,54.35
2013-01-01,54.41
2013-01-02,53.96
2013-01-03,53.99
2013-01-04,54.42
2013-01-07,54.55
2013-01-08,54.9
2013-01-09,54.54
2013-01-10,54.21
2013-01-11,54.11
2013-01-14,54.21
2013-01-15,54.12
2013-01-16,54.4
2013-01-17,54.22
2013-01-18,53.52
2013-01-21,53.45
2013-01-22,53.09
2013-01-23,53.35
2013-01-24,53.43
2013-01-28,53.47
2013-01-29,53.28
2013-01-30,53.14
2013-01-31,52.86
2013-02-01,52.9
2013-02-04,52.55
2013-02-05,52.87
2013-02-06,52.66
2013-02-07,52.72
2013-02-08,53.14
2013-02-11,53.25
2013-02-12,53.53
2013-02-13,53.43
2013-02-14,53.45
2013-02-15,53.56
2013-02-18,53.86
2013-02-20,53.63
2013-02-21,54.05
2013-02-22,54.0
2013-02-25,53.62
2013-02-26,53.64
2013-02-27,53.41
2013-02-28,53.35
2013-03-01,54.06
2013-03-04,54.63
2013-03-05,54.23
2013-03-06,54.28
2013-03-07,54.31
2013-03-08,53.98
2013-03-11,53.87
2013-03-12,53.91
2013-03-13,53.69
2013-03-14,54.02
2013-03-15,53.74
2013-03-18,53.87
2013-03-19,53.84
2013-03-20,53.95
2013-03-21,53.86
2013-03-22,53.91
2013-03-25,53.67
2013-03-26,53.85
2013-03-28,53.96
2013-04-02,53.91
2013-04-03,53.96
2013-04-04,54.22
2013-04-05,54.46
2013-04-08,54.3
2013-04-09,54.04
2013-04-10,54.11
2013-04-12,54.02
2013-04-15,54.2
2013-04-16,53.9
2013-04-17,53.52
2013-04-18,53.6
2013-04-22,53.74
2013-04-23,53.87
2013-04-25,53.75
2013-04-26,53.87
2013-04-29,53.85
2013-04-30,53.79
2013-05-02,53.31
2013-05-03,53.53
2013-05-06,53.52
2013-05-07,53.85
2013-05-08,53.73
2013-05-09,53.82
2013-05-10,54.12
2013-05-13,54.49
2013-05-14,54.2
2013-05-15,54.36
2013-05-16,54.35
2013-05-17,54.46
2013-05-20,54.61
2013-05-21,54.61
2013-05-22,55.1
2013-05-23,55.57
2013-05-24,55.18
2013-05-27,55.19
2013-05-28,55.32
2013-05-29,55.82
2013-05-30,55.67
2013-05-31,56.07
2013-06-03,56.15
2013-06-04,56.22
2013-06-05,56.0
2013-06-06,56.44
2013-06-07,56.32
2013-06-10,57.36
2013-06-11,58.5
2013-06-12,57.85
2013-06-13,57.99
2013-06-14,57.32
2013-06-17,57.31
2013-06-18,58.03
2013-06-19,58.32
2013-06-20,59.28
2013-06-21,58.93
2013-06-24,59.31
2013-06-25,59.28
2013-06-26,59.43
2013-06-27,60.16
2013-06-28,59.27
2013-07-01,58.72
2013-07-02,58.99
2013-07-03,59.68
2013-07-04,59.67
2013-07-05,59.91
2013-07-08,60.62
2013-07-09,59.65
2013-07-10,59.71
2013-07-11,59.22
2013-07-12,59.47
2013-07-15,59.63
2013-07-16,58.97
2013-07-17,58.94
2013-07-18,59.29
2013-07-19,59.37
2013-07-22,58.98
2013-07-23,59.26
2013-07-24,59.02
2013-07-25,58.52
2013-07-26,58.49
2013-07-29,58.87
2013-07-30,59.4
2013-07-31,60.69
2013-08-01,60.32
2013-08-02,60.38
2013-08-05,60.4
2013-08-06,61.11
2013-08-07,60.97
2013-08-08,60.69
2013-08-12,60.38
2013-08-13,61.01
2013-08-14,61.09
2013-08-16,61.39
2013-08-19,61.92
2013-08-20,63.31
2013-08-21,63.04
2013-08-22,65.0
2013-08-23,64.26
2013-08-26,63.81
2013-08-27,65.24
2013-08-28,67.94
2013-08-29,67.28
2013-08-30,66.15
2013-09-02,65.44
2013-09-03,66.46
2013-09-04,66.6
2013-09-05,65.62
2013-09-06,65.53
2013-09-10,63.79
2013-09-11,63.48
2013-09-12,63.24
2013-09-13,63.36
2013-09-16,62.06
2013-09-17,62.95
2013-09-18,62.72
2013-09-19,61.32
2013-09-20,61.82
2013-09-23,62.1
2013-09-24,62.23
2013-09-25,62.27
2013-09-26,61.8
2013-09-27,61.39
2013-09-30,62.35
2013-10-01,61.93
2013-10-03,61.51
2013-10-04,60.98
2013-10-07,61.35
2013-10-08,61.26
2013-10-09,61.49
2013-10-10,61.71
2013-10-11,60.73
2013-10-14,60.88
2013-10-15,61.27
2013-10-17,61.16
2013-10-18,60.85
2013-10-21,61.06
2013-10-22,61.36
2013-10-23,61.11
2013-10-24,60.99
2013-10-25,61.2
2013-10-28,61.08
2013-10-29,61.04
2013-10-30,61.06
2013-10-31,60.98
2013-11-01,61.48
2013-11-05,61.36
2013-11-06,61.5
2013-11-07,62.15
2013-11-08,62.31
2013-11-11,62.87
2013-11-12,63.17
2013-11-13,63.23
2013-11-14,62.64
2013-11-18,62.2
2013-11-19,61.81
2013-11-20,62.13
2013-11-21,62.46
2013-11-22,62.6
2013-11-25,62.15
2013-11-26,62.02
2013-11-27,61.94
2013-11-28,61.96
2013-11-29,61.97
2013-12-02,61.8
2013-12-03,61.92
2013-12-04,61.91
2013-12-05,61.26
2013-12-06,61.24
2013-12-09,60.75
2013-12-10,60.78
2013-12-11,60.91
2013-12-12,61.2
2013-12-13,61.7
2013-12-16,61.68
2013-12-17,61.53
2013-12-18,61.49
2013-12-19,61.96
2013-12-20,61.82
2013-12-23,61.57
2013-12-24,61.44
2013-12-26,61.55
2013-12-27,61.63
2013-12-30,61.58
2013-12-31,61.47
2014-01-01,61.51
2014-01-02,61.48
2014-01-03,61.98
2014-01-06,61.9
2014-01-07,61.95
2014-01-08,61.82
2014-01-09,61.76
2014-01-10,61.51
2014-01-13,61.1
2014-01-15,61.16
2014-01-16,61.11
2014-01-17,60.93
2014-01-20,61.21
2014-01-21,61.11
2014-01-22,61.5
2014-01-23,61.56
2014-01-24,61.75
2014-01-27,62.29
2014-01-28,62.56
2014-01-29,61.78
2014-01-30,62.31
2014-01-31,62.05
2014-02-03,62.26
2014-02-04,62.26
2014-02-05,62.03
2014-02-06,62.08
2014-02-07,61.89
2014-02-10,61.77
2014-02-11,62.01
2014-02-12,61.7
2014-02-13,61.85
2014-02-14,61.85
2014-02-17,61.52
2014-02-18,61.7
2014-02-20,61.86
2014-02-21,61.74
2014-02-24,61.69
2014-02-25,61.55
2014-02-26,61.51
2014-02-28,61.65
2014-03-03,61.44
2014-03-04,61.48
2014-03-05,61.43
2014-03-06,60.9
2014-03-07,60.56
2014-03-10,60.77
2014-03-11,60.27
2014-03-12,60.67
2014-03-13,60.59
2014-03-14,61.09
2014-03-18,60.52
2014-03-19,60.67
2014-03-20,60.71
2014-03-21,60.62
2014-03-24,60.28
2014-03-25,60.07
2014-03-26,59.75
2014-03-27,59.7
2014-03-28,59.67
2014-04-02,59.22
2014-04-03,59.7
2014-04-04,59.9
2014-04-07,59.52
2014-04-09,59.65
2014-04-10,59.79
2014-04-11,59.84
2014-04-15,59.84
2014-04-16,59.8
2014-04-17,59.96
2014-04-21,59.91
2014-04-22,60.29
2014-04-23,60.64
2014-04-25,60.69
2014-04-28,60.08
2014-04-29,60.1
2014-04-30,59.91
2014-05-02,59.8
2014-05-05,59.62
2014-05-06,59.78
2014-05-07,59.61
2014-05-08,59.57
2014-05-09,59.63
2014-05-12,59.3
2014-05-13,59.45
2014-05-15,59.05
2014-05-16,58.44
2014-05-19,58.0
2014-05-20,58.32
2014-05-21,58.35
2014-05-22,58.15
2014-05-23,58.06
2014-05-26,58.16
2014-05-27,58.63
2014-05-28,58.65
2014-05-29,58.42
2014-05-30,58.61
2014-06-02,58.71
2014-06-03,58.79
2014-06-04,58.91
2014-06-05,58.87
2014-06-06,58.77
2014-06-09,58.64
2014-06-10,58.84
2014-06-11,58.9
2014-06-12,58.9
2014-06-13,59.05
2014-06-16,59.58
2014-06-17,59.94
2014-06-18,59.7
2014-06-19,59.58
2014-06-20,59.85
2014-06-23,59.77
2014-06-24,59.68
2014-06-25,59.85
2014-06-26,59.74
2014-06-27,59.67
2014-06-30,59.67
2014-07-01,59.71
2014-07-02,59.55
2014-07-03,59.3
2014-07-04,59.37
2014-07-07,59.52
2014-07-08,59.37
2014-07-09,59.3
2014-07-10,59.45
2014-07-11,59.76
2014-07-14,59.58
2014-07-15,59.79
2014-07-16,59.77
2014-07-17,59.72
2014-07-18,59.91
2014-07-21,59.76
2014-07-22,59.81
2014-07-23,59.76
2014-07-24,59.58
2014-07-25,59.72
2014-07-28,59.68
2014-07-30,59.72
2014-07-31,59.82
2014-08-01,60.43
2014-08-04,60.59
2014-08-05,60.44
2014-08-06,60.91
2014-08-07,60.99
2014-08-08,61.13
2014-08-11,60.69
2014-08-12,60.76
2014-08-13,60.82
2014-08-14,60.63
2014-08-19,60.3
2014-08-20,60.24
2014-08-21,60.34
2014-08-22,60.01
2014-08-25,60.0
2014-08-26,60.07
2014-08-27,60.04
2014-08-28,60.05
2014-09-01,60.05
2014-09-02,60.19
2014-09-03,60.12
2014-09-04,60.03
2014-09-05,60.01
2014-09-08,59.84
2014-09-09,60.0
2014-09-10,60.4
2014-09-11,60.49
2014-09-12,60.42
2014-09-15,60.57
2014-09-16,60.68
2014-09-17,60.53
2014-09-18,60.63
2014-09-19,60.38
2014-09-22,60.36
2014-09-23,60.45
2014-09-24,60.6
2014-09-25,60.6
2014-09-26,61.15
2014-09-29,61.0
2014-09-30,61.19
2014-10-01,61.33
2014-10-07,60.93
2014-10-08,61.04
2014-10-09,60.61
2014-10-10,60.74
2014-10-13,60.82
2014-10-14,60.68
2014-10-16,61.05
2014-10-17,61.19
2014-10-20,60.86
2014-10-21,60.87
2014-10-22,60.81
2014-10-27,60.8
2014-10-28,60.93
2014-10-29,60.89
2014-10-30,61.04
2014-10-31,60.98
2014-11-03,60.99
2014-11-05,60.96
2014-11-07,61.1
2014-11-10,61.03
2014-11-11,61.12
2014-11-12,61.05
2014-11-13,61.13
2014-11-14,61.22
2014-11-17,61.25
2014-11-18,61.38
2014-11-19,61.4
2014-11-20,61.68
2014-11-21,61.43
2014-11-24,61.35
2014-11-25,61.49
2014-11-26,61.44
2014-11-27,61.44
2014-11-28,61.55
2014-12-01,61.71
2014-12-02,61.5
2014-12-03,61.46
2014-12-04,61.45
2014-12-05,61.43
2014-12-08,61.5
2014-12-09,61.45
2014-12-10,61.53
2014-12-11,61.78
2014-12-12,62.02
2014-12-15,62.23
2014-12-16,62.99
2014-12-17,63.16
2014-12-18,62.89
2014-12-19,62.64
2014-12-22,62.75
2014-12-23,63.02
2014-12-24,63.04
2014-12-26,63.21
2014-12-29,63.23
2014-12-30,63.32
2014-12-31,62.91
2015-01-01,62.9
2015-01-02,62.86
2015-01-05,62.96
2015-01-06,62.96
2015-01-07,63.02
2015-01-08,62.54
2015-01-09,61.97
2015-01-12,61.74
2015-01-13,61.68
2015-01-14,61.73
2015-01-15,61.33
2015-01-16,61.47
2015-01-19,61.27
2015-01-20,61.42
2015-01-21,61.19
2015-01-22,61.27
2015-01-23,61.07
2015-01-27,61.04
2015-01-28,60.99
2015-01-29,61.07
2015-01-30,61.33
2015-02-02,61.46
2015-02-03,61.31
2015-02-04,61.26
2015-02-05,61.45
2015-02-06,61.31
2015-02-09,61.72
2015-02-10,61.54
2015-02-11,61.73
2015-02-12,62.01
2015-02-13,61.71
2015-02-16,61.78
2015-02-18,61.82
2015-02-20,61.83
2015-02-23,61.76
2015-02-24,61.85
2015-02-25,61.62
2015-02-26,61.51
2015-02-27,61.37
2015-03-02,61.4
2015-03-03,61.41
2015-03-04,61.43
2015-03-05,61.78
2015-03-09,62.19
2015-03-10,62.27
2015-03-11,62.32
2015-03-12,62.14
2015-03-13,62.25
2015-03-16,62.4
2015-03-17,62.27
2015-03-18,62.25
2015-03-19,62.0
2015-03-20,62.07
2015-03-23,61.86
2015-03-24,61.77
2015-03-25,61.92
2015-03-26,62.25
2015-03-27,62.18
2015-03-30,62.21
2015-03-31,62.17
2015-04-06,61.73
2015-04-07,61.91
2015-04-08,61.9
2015-04-09,61.83
2015-04-10,61.94
2015-04-13,61.96
2015-04-15,61.98
2015-04-16,61.94
2015-04-17,61.92
2015-04-20,62.14
2015-04-21,62.5
2015-04-22,62.39
2015-04-23,62.76
2015-04-24,62.98
2015-04-27,63.19
2015-04-28,62.91
2015-04-29,62.78
2015-04-30,63.15
2015-05-05,63.09
2015-05-06,63.22
2015-05-07,63.46
2015-05-08,63.62
2015-05-11,63.42
2015-05-12,63.78
2015-05-13,63.76
2015-05-14,63.41
2015-05-15,63.15
2015-05-18,63.13
2015-05-19,63.26
2015-05-20,63.44
2015-05-21,63.28
2015-05-22,63.15
2015-05-25,63.2
2015-05-26,63.42
2015-05-27,63.52
2015-05-28,63.48
2015-05-29,63.34
2015-06-01,63.18
2015-06-02,63.41
2015-06-03,63.43
2015-06-04,63.75
2015-06-05,63.47
2015-06-08,63.69
2015-06-09,63.51
2015-06-10,63.46
2015-06-11,63.47
2015-06-12,63.61
2015-06-15,63.66
2015-06-16,63.73
2015-06-17,63.69
2015-06-18,63.42
2015-06-19,63.39
2015-06-22,63.08
2015-06-23,63.22
2015-06-24,63.23
2015-06-25,63.19
2015-06-26,63.18
2015-06-29,63.49
2015-06-30,63.33
2015-07-01,63.2
2015-07-02,63.15
2015-07-03,62.97
2015-07-06,63.15
2015-07-07,62.95
2015-07-08,63.14
2015-07-09,63.08
2015-07-10,62.95
2015-07-13,63.04
2015-07-14,63.07
2015-07-15,62.96
2015-07-16,63.07
2015-07-17,63.07
2015-07-20,63.13
2015-07-21,63.23
2015-07-22,63.1
2015-07-23,63.29
2015-07-24,63.47
2015-07-27,63.58
2015-07-28,63.6
2015-07-29,63.47
2015-07-30,63.58
2015-07-31,63.58
2015-08-03,63.54
2015-08-04,63.51
2015-08-05,63.39
2015-08-06,63.34
2015-08-07,63.38
2015-08-10,63.33
2015-08-11,63.75
2015-08-12,64.4
2015-08-13,64.5
2015-08-14,64.7
2015-08-17,64.8
2015-08-19,64.83
2015-08-20,64.81
2015-08-21,65.4
2015-08-24,66.08
2015-08-25,66.28
2015-08-26,65.74
2015-08-27,65.64
2015-08-28,65.66
2015-08-31,65.88
2015-09-01,65.84
2015-09-02,65.74
2015-09-03,65.8
2015-09-04,65.98
2015-09-07,66.32
2015-09-08,66.18
2015-09-09,65.87
2015-09-10,66.16
2015-09-11,65.96
2015-09-14,65.95
2015-09-15,66.01
2015-09-16,66.08
2015-09-18,65.5
2015-09-21,65.33
2015-09-22,65.2
2015-09-23,65.54
2015-09-24,65.67
2015-09-28,65.66
2015-09-29,65.76
2015-09-30,65.32
2015-10-01,65.13
2015-10-05,64.87
2015-10-06,64.97
2015-10-07,64.83
2015-10-08,64.73
2015-10-09,64.36
2015-10-12,64.3
2015-10-13,64.6
2015-10-14,64.69
2015-10-15,64.4
2015-10-16,64.54
2015-10-19,64.39
2015-10-20,64.47
2015-10-21,64.73
2015-10-23,64.46
2015-10-26,64.54
2015-10-27,64.53
2015-10-28,64.62
2015-10-29,64.73
2015-10-30,64.8
2015-11-02,65.05
2015-11-03,65.03
2015-11-04,65.14
2015-11-05,65.25
2015-11-06,65.37
2015-11-09,65.91
2015-11-10,65.92
2015-11-13,65.71
2015-11-16,65.74
2015-11-17,65.56
2015-11-18,65.69
2015-11-19,65.69
2015-11-20,65.67
2015-11-23,65.92
2015-11-24,65.96
2015-11-26,66.13
2015-11-27,66.33
2015-11-30,66.39
2015-12-01,66.09
2015-12-02,66.19
2015-12-03,66.32
2015-12-04,66.41
2015-12-07,66.2
2015-12-08,66.37
2015-12-09,66.33
2015-12-10,66.37
2015-12-11,66.36
2015-12-14,66.57
2015-12-15,66.62
2015-12-16,66.42
2015-12-17,66.22
2015-12-18,66.0
2015-12-21,65.9
2015-12-22,65.87
2015-12-23,65.78
2015-12-28,65.71
2015-12-29,65.95
2015-12-30,66.0
2015-12-31,65.9
2016-01-01,65.75
2016-01-04,66.04
2016-01-05,66.12
2016-01-06,66.29
2016-01-07,66.49
2016-01-08,66.24
2016-01-11,66.36
2016-01-12,66.47
2016-01-13,66.41
2016-01-14,66.67
2016-01-15,67.01
2016-01-18,67.16
2016-01-19,67.14
2016-01-20,67.55
2016-01-21,67.64
2016-01-22,67.32
2016-01-25,67.22
2016-01-27,67.56
2016-01-28,67.66
2016-01-29,67.45
2016-02-01,67.25
2016-02-02,67.41
2016-02-03,67.76
2016-02-04,67.38
2016-02-05,67.21
2016-02-08,67.39
2016-02-09,67.74
2016-02-10,67.45
2016-02-11,67.59
2016-02-12,68.01
2016-02-15,67.71
2016-02-16,67.91
2016-02-17,68.17
2016-02-18,68.07
2016-02-22,68.13
2016-02-23,68.22
2016-02-24,68.14
2016-02-25,68.17
2016-02-26,68.35
2016-02-29,68.19
2016-03-01,67.73
2016-03-02,67.28
2016-03-03,66.95
2016-03-04,66.85
2016-03-08,66.91
2016-03-09,67.04
2016-03-10,66.63
2016-03-11,66.66
2016-03-14,66.6
2016-03-15,66.8
2016-03-16,66.94
2016-03-17,66.46
2016-03-18,66.18
2016-03-21,66.08
2016-03-22,66.12
2016-03-23,66.44
2016-03-28,66.24
2016-03-29,66.13
2016-03-30,65.99
2016-03-31,65.91
2016-04-04,65.82
2016-04-05,65.9
2016-04-06,66.16
2016-04-07,66.04
2016-04-11,65.97
2016-04-12,66.07
2016-04-13,66.0
2016-04-18,66.24
2016-04-20,65.82
2016-04-21,65.87
2016-04-22,66.07
2016-04-25,66.26
2016-04-26,66.31
2016-04-27,66.12
2016-04-28,65.98
2016-04-29,66.09
2016-05-02,65.92
2016-05-03,65.84
2016-05-04,66.11
2016-05-05,66.09
2016-05-06,66.16
2016-05-09,66.01
2016-05-10,66.3
2016-05-11,66.27
2016-05-12,66.17
2016-05-13,66.34
2016-05-16,66.4
2016-05-17,66.3
2016-05-18,66.49
2016-05-19,66.81
2016-05-20,66.98
2016-05-23,66.92
2016-05-24,67.28
2016-05-25,67.02
2016-05-26,66.86
2016-05-27,66.64
2016-05-30,66.91
2016-05-31,66.78
2016-06-01,66.93
2016-06-02,66.83
2016-06-03,66.82
2016-06-06,66.54
2016-06-07,66.41
2016-06-08,66.31
2016-06-09,66.2
2016-06-10,66.37
2016-06-13,66.65
2016-06-14,66.73
2016-06-15,66.73
2016-06-16,66.78
2016-06-17,66.74
2016-06-20,66.98
2016-06-21,67.05
2016-06-22,67.13
2016-06-23,66.95
2016-06-24,67.59
2016-06-27,67.48
2016-06-28,67.46
2016-06-29,67.32
2016-06-30,67.19
2016-07-01,67.02
2016-07-04,66.76
2016-07-05,66.98
2016-07-07,67.07
2016-07-08,67.03
2016-07-11,66.72
2016-07-12,66.72
2016-07-13,66.78
2016-07-14,66.49
2016-07-15,66.64
2016-07-18,66.68
2016-07-19,66.72
2016-07-20,66.75
2016-07-21,66.78
2016-07-22,66.71
2016-07-25,66.82
2016-07-26,66.94
2016-07-27,66.81
2016-07-28,66.63
2016-07-29,66.61
2016-08-01,66.32
2016-08-02,66.34
2016-08-03,66.51
2016-08-04,66.52
2016-08-05,66.39
2016-08-08,66.32
2016-08-09,66.54
2016-08-10,66.32
2016-08-11,66.43
2016-08-12,66.4
2016-08-16,66.47
2016-08-18,66.37
2016-08-19,66.5
2016-08-22,66.77
2016-08-23,66.66
2016-08-24,66.71
2016-08-25,66.66
2016-08-26,66.6
2016-08-29,66.76
2016-08-30,66.66
2016-08-31,66.56
2016-09-01,66.53
2016-09-02,66.42
2016-09-06,66.12
2016-09-07,65.94
2016-09-08,66.02
2016-09-09,66.12
2016-09-12,66.48
2016-09-14,66.54
2016-09-15,66.6
2016-09-16,66.46
2016-09-19,66.45
2016-09-20,66.59
2016-09-21,66.64
2016-09-22,66.42
2016-09-23,66.23
2016-09-26,66.28
2016-09-27,66.04
2016-09-28,66.02
2016-09-29,66.13
2016-09-30,66.23
2016-10-03,66.11
2016-10-04,66.13
2016-10-05,66.14
2016-10-06,66.21
2016-10-07,66.36
2016-10-10,66.16
2016-10-13,66.42
2016-10-14,66.42
2016-10-17,66.35
2016-10-18,66.3
2016-10-19,66.29
2016-10-20,66.32
2016-10-21,66.47
2016-10-24,66.44
2016-10-25,66.45
2016-10-26,66.34
2016-10-27,66.46
2016-10-28,66.43
2016-11-01,66.29
2016-11-02,66.4
2016-11-03,66.27
2016-11-04,66.3
2016-11-07,66.31
2016-11-08,66.28
2016-11-09,66.37
2016-11-10,66.0
2016-11-11,66.6
2016-11-15,67.29
2016-11-16,67.35
2016-11-17,67.49
2016-11-18,67.67
2016-11-21,67.83
2016-11-22,67.81
2016-11-23,68.05
2016-11-24,68.23
2016-11-25,68.04
2016-11-28,68.3
2016-11-29,68.23
2016-11-30,68.1
2016-12-01,67.95
2016-12-02,67.94
2016-12-05,67.75
2016-12-06,67.61
2016-12-07,67.45
2016-12-08,67.01
2016-12-09,67.16
2016-12-13,67.06
2016-12-14,67.14
2016-12-15,67.37
2016-12-16,67.35
2016-12-19,67.3
2016-12-20,67.47
2016-12-21,67.45
2016-12-22,67.49
2016-12-23,67.49
2016-12-26,67.41
2016-12-27,67.57
2016-12-28,67.8
2016-12-29,67.7
2016-12-30,67.53
2017-01-02,67.6
2017-01-03,67.66
2017-01-04,67.75
2017-01-05,67.36
2017-01-06,67.53
2017-01-09,67.76
2017-01-10,67.64
2017-01-11,67.8
2017-01-12,67.66
2017-01-13,67.81
2017-01-16,67.73
2017-01-17,67.63
2017-01-18,67.51
2017-01-19,67.75
2017-01-20,67.66
2017-01-23,67.66
2017-01-24,67.73
2017-01-25,67.73
2017-01-27,67.78
2017-01-30,67.62
2017-01-31,67.39
2017-02-01,67.22
2017-02-02,67.02
2017-02-03,66.96
2017-02-06,66.77
2017-02-07,66.94
2017-02-08,66.88
2017-02-09,66.59
2017-02-10,66.51
2017-02-13,66.54
2017-02-14,66.52
2017-02-15,66.49
2017-02-16,66.52
2017-02-17,66.62
2017-02-20,66.55
2017-02-22,66.54
2017-02-23,66.41
2017-02-27,66.3
2017-02-28,66.31
2017-03-01,66.42
2017-03-02,66.32
2017-03-03,66.41
2017-03-06,66.33
2017-03-07,66.21
2017-03-08,66.21
2017-03-09,66.35
2017-03-10,66.26
2017-03-14,65.76
2017-03-15,65.09
2017-03-16,64.96
2017-03-17,65.12
2017-03-20,64.96
2017-03-21,64.89
2017-03-22,65.06
2017-03-23,65.0
2017-03-24,65.03
2017-03-27,64.66
2017-03-29,64.53
2017-03-30,64.51
2017-03-31,64.41
2017-04-03,64.49
2017-04-05,64.62
2017-04-06,64.55
2017-04-07,63.97
2017-04-10,64.02
2017-04-11,64.12
2017-04-12,64.27
2017-04-13,63.89
2017-04-17,63.98
2017-04-18,64.14
2017-04-19,64.12
2017-04-20,64.21
2017-04-21,64.15
2017-04-24,64.05
2017-04-25,63.85
2017-04-26,63.58
2017-04-27,63.69
2017-04-28,63.79
2017-05-02,63.78
2017-05-03,63.72
2017-05-04,63.79
2017-05-05,63.88
2017-05-08,63.79
2017-05-09,64.08
2017-05-11,64.01
2017-05-12,63.88
2017-05-15,63.69
2017-05-16,63.65
2017-05-17,63.6
2017-05-18,63.92
2017-05-19,64.57
2017-05-22,64.14
2017-05-23,64.35
2017-05-24,64.43
2017-05-25,64.08
2017-05-26,64.17
2017-05-29,64.13
2017-05-30,64.21
2017-05-31,64.12
2017-06-01,64.05
2017-06-02,64.0
2017-06-05,63.92
2017-06-06,63.93
2017-06-07,64.03
2017-06-08,63.93
2017-06-09,63.83
2017-06-12,63.92
2017-06-13,64.02
2017-06-14,63.89
2017-06-15,63.86
2017-06-16,64.16
2017-06-19,63.95
2017-06-20,64.04
2017-06-21,64.18
2017-06-22,64.07
2017-06-23,64.11
2017-06-27,64.03
2017-06-28,64.1
2017-06-29,64.05
2017-06-30,64.31
2017-07-03,64.33
2017-07-04,64.39
2017-07-05,64.3
2017-07-06,64.35
2017-07-07,64.31
2017-07-10,64.12
2017-07-11,64.08
2017-07-12,64.07
2017-07-13,64.01
2017-07-14,64.03
2017-07-17,63.94
2017-07-18,63.91
2017-07-19,63.9
2017-07-20,64.0
2017-07-21,63.89
2017-07-24,64.02
2017-07-25,63.93
2017-07-26,64.0
2017-07-27,63.7
2017-07-28,63.72
2017-07-31,63.65
2017-08-01,63.64
2017-08-02,63.64
2017-08-03,63.21
2017-08-04,63.28
2017-08-07,63.31
2017-08-08,63.31
2017-08-09,63.32
2017-08-10,63.52
2017-08-11,63.74
2017-08-14,63.6
2017-08-16,63.82
2017-08-18,63.68
2017-08-21,63.6
2017-08-22,63.68
2017-08-23,63.7
2017-08-24,63.64
2017-08-28,63.45
2017-08-29,63.59
2017-08-30,63.52
2017-08-31,63.59
2017-09-01,63.56
2017-09-04,63.62
2017-09-05,63.69
2017-09-06,63.79
2017-09-07,63.6
2017-09-08,63.44
2017-09-11,63.46
2017-09-12,63.52
2017-09-13,63.56
2017-09-14,63.64
2017-09-15,63.65
2017-09-18,63.61
2017-09-19,63.75
2017-09-20,63.94
2017-09-21,64.1
2017-09-22,64.53
2017-09-25,64.41
2017-09-26,64.91
2017-09-27,65.27
2017-09-28,65.34
2017-09-29,64.93
2017-10-03,65.13
2017-10-04,64.86
2017-10-05,64.75
2017-10-06,64.8
2017-10-09,64.88
2017-10-10,64.84
2017-10-11,64.84
2017-10-12,64.68
2017-10-13,64.51
2017-10-16,64.34
2017-10-17,64.5
2017-10-18,64.64
2017-10-23,64.6
2017-10-24,64.5
2017-10-25,64.71
2017-10-26,64.36
2017-10-27,64.67
2017-10-30,64.51
2017-10-31,64.35
2017-11-01,64.1
2017-11-02,64.17
2017-11-03,64.15
2017-11-06,64.3
2017-11-07,64.38
2017-11-08,64.63
2017-11-09,64.47
2017-11-10,64.59
2017-11-13,65.0
2017-11-14,65.09
2017-11-15,64.94
2017-11-16,64.87
2017-11-17,64.42
2017-11-20,64.63
2017-11-21,64.61
2017-11-22,64.32
2017-11-23,64.37
2017-11-24,64.31
2017-11-27,64.27
2017-11-28,64.0
2017-11-29,63.98
2017-11-30,64.01
2017-12-04,63.95
2017-12-05,63.95
2017-12-06,64.02
2017-12-07,64.11
2017-12-08,64.04
2017-12-11,63.94
2017-12-12,64.06
2017-12-13,64.03
2017-12-14,63.85
2017-12-15,63.67
2017-12-18,63.68
2017-12-19,63.7
2017-12-20,63.63
2017-12-21,63.66
2017-12-22,63.62
2017-12-26,63.63
2017-12-27,63.73
2017-12-28,63.75
2017-12-29,63.5
2018-01-01,63.24
2018-01-02,63.25
2018-01-03,63.06
2018-01-04,62.97
2018-01-05,62.96
2018-01-08,62.92
2018-01-09,63.04
2018-01-10,63.4
2018-01-11,63.31
2018-01-12,63.1
2018-01-15,62.99
2018-01-16,63.34
2018-01-17,63.55
2018-01-18,63.42
2018-01-19,63.29
2018-01-22,63.46
2018-01-23,63.35
2018-01-24,63.22
2018-01-25,63.07
2018-01-29,63.12
2018-01-30,63.33
2018-01-31,63.26
2018-02-01,63.19
2018-02-02,63.65
2018-02-05,63.6
2018-02-06,63.85
2018-02-07,63.71
2018-02-08,63.74
2018-02-09,63.94
2018-02-12,63.86
2018-02-14,63.7
2018-02-15,63.5
2018-02-16,63.48
2018-02-20,64.1
2018-02-21,64.39
2018-02-22,64.62
2018-02-23,64.4
2018-02-26,64.24
2018-02-27,64.43
2018-02-28,64.68
2018-03-01,64.8
2018-03-05,64.63
2018-03-06,64.57
2018-03-07,64.54
2018-03-08,64.5
2018-03-09,64.65
2018-03-12,64.59
2018-03-13,64.53
2018-03-14,64.56
2018-03-15,64.51
2018-03-16,64.45
2018-03-19,64.61
2018-03-20,64.77
2018-03-21,64.79
2018-03-22,64.64
2018-03-23,64.71
2018-03-26,64.48
2018-03-27,64.37
2018-03-28,64.62
2018-04-03,64.6
2018-04-04,64.6
2018-04-05,64.64
2018-04-06,64.56
2018-04-09,64.5
2018-04-10,64.51
2018-04-11,64.7
2018-04-12,64.92
2018-04-13,64.8
2018-04-16,65.02
2018-04-17,65.19
2018-04-18,65.26
2018-04-19,65.36
2018-04-20,65.59
2018-04-23,65.79
2018-04-24,65.94
2018-04-25,66.27
2018-04-26,66.4
2018-04-27,66.36
2018-05-02,66.24
2018-05-03,66.18
2018-05-04,66.34
2018-05-07,66.68
2018-05-08,66.66
2018-05-09,66.96
2018-05-10,66.95
2018-05-11,66.8
2018-05-14,66.89
2018-05-15,67.1
2018-05-16,67.4
2018-05-17,67.29
2018-05-18,67.53
2018-05-21,67.66
2018-05-22,67.59
2018-05-23,67.79
2018-05-24,67.96
2018-05-25,67.84
2018-05-28,67.02
2018-05-29,67.4
2018-05-30,67.2
2018-05-31,67.03
2018-06-01,66.76
2018-06-04,66.63
2018-06-05,66.75
2018-06-06,66.61
2018-06-07,66.59
2018-06-08,67.1
2018-06-11,66.91
2018-06-12,67.03
2018-06-13,67.2
2018-06-14,67.26
2018-06-15,67.55
2018-06-18,67.6
2018-06-19,67.73
2018-06-20,67.66
2018-06-21,67.77
2018-06-22,67.34
2018-06-25,67.72
2018-06-26,67.74
2018-06-27,68.1
2018-06-28,68.51
2018-06-29,68.15
2018-07-02,68.2
2018-07-03,68.27
2018-07-04,68.11
2018-07-05,68.33
2018-07-06,68.45
2018-07-09,68.23
2018-07-24,68.63
2018-07-25,68.35
2018-07-26,68.28
2018-07-27,68.3
2018-07-30,68.25
2018-07-31,68.15
2018-08-01,67.98
2018-08-02,68.3
2018-08-03,68.23
2018-08-06,68.47
2018-08-07,68.29
2018-08-08,68.23
2018-08-09,68.26
2018-08-10,68.44
2018-08-13,69.63
2018-08-14,69.51
2018-08-15,69.54
2018-08-16,69.8
2018-08-17,69.77
2018-08-20,69.44
2018-08-21,69.42
2018-08-22,69.5
2018-08-23,69.72
2018-08-24,69.52
2018-08-27,69.77
2018-08-28,69.72
2018-08-29,70.23
2018-08-30,70.36
2018-08-31,70.61
2018-09-03,70.82
2018-09-04,71.2
2018-09-05,71.36
2018-09-06,71.57
2018-09-07,71.34
2018-09-10,72.07
2018-09-11,72.27
2018-09-12,71.83
2018-09-13,71.64
2018-09-14,71.43
2018-09-17,72.13
2018-09-18,72.59
2018-09-19,71.99
2018-09-20,71.62
2018-09-21,71.8
2018-09-24,72.29
2018-09-25,72.3
2018-09-26,72.22
2018-09-27,72.2
2018-09-28,72.11
2018-10-01,72.52
2018-10-02,72.99
2018-10-03,72.97
2018-10-04,73.19
2018-10-05,73.38
2018-10-08,73.67
2018-10-09,74.01
2018-10-10,73.84
2018-10-11,73.7
2018-10-12,73.17
2018-10-15,73.41
2018-10-16,73.07
2018-10-17,73.23
2018-10-18,73.21
2018-10-19,72.95
2018-10-22,73.17
2018-10-23,73.18
2018-10-24,72.78
2018-10-25,72.88
2018-10-26,73.07
2018-10-29,73.03
2018-10-30,73.24
2018-10-31,73.59
2018-11-01,73.06
2018-11-02,72.05
2018-11-05,72.69
2018-11-06,72.57
2018-11-07,72.11
2018-11-08,72.02
2018-11-09,72.11
2018-11-12,72.5
2018-11-13,72.29
2018-11-14,71.91
2018-11-15,71.59
2018-11-16,71.5
2018-11-19,71.27
2018-11-20,71.1
2018-11-21,70.91
2018-11-22,70.29
2018-11-23,70.26
2018-11-26,70.49
2018-11-27,70.37
2018-11-28,70.19
2018-11-29,69.46
2018-11-30,69.23
2018-12-03,70.02
2018-12-04,70.14
2018-12-05,70.13
2018-12-06,70.53
2018-12-07,70.41
2018-12-10,72.02
2018-12-11,71.51
2018-12-12,71.61
2018-12-13,71.22
2018-12-14,71.58
2018-12-17,71.22
2018-12-18,70.15
2018-12-19,69.86
2018-12-20,69.43
2018-12-21,69.73
2018-12-24,69.75
2018-12-27,69.88
2018-12-28,69.66
2018-12-31,69.24
2019-01-02,69.79
2019-01-03,69.76
2019-01-04,69.27
2019-01-07,69.24
2019-01-08,69.75
2019-01-09,70.01
2019-01-10,70.0
2019-01-11,70.15
2019-01-14,70.44
2019-01-15,70.72
2019-01-16,70.74
2019-01-17,70.67
2019-01-18,70.73
2019-01-21,70.84
2019-01-22,71.0
2019-01-23,70.91
2019-01-24,70.73
2019-01-25,70.67
2019-01-28,70.75
2019-01-29,70.8
2019-01-30,70.79
2019-01-31,70.72
2019-02-01,70.89
2019-02-04,71.42
2019-02-05,71.25
2019-02-06,71.18
2019-02-07,71.09
2019-02-08,70.89
2019-02-11,70.75
2019-02-12,70.25
2019-02-13,70.44
2019-02-14,70.78
2019-02-15,70.98
2019-02-18,71.01
2019-02-19,71.06
2019-02-20,70.76
2019-02-21,70.72
2019-02-22,70.74
2019-02-25,70.53
2019-02-26,70.78
2019-02-27,70.89
2019-02-28,70.47
2019-03-01,70.5
2019-03-04,70.49
2019-03-05,70.17
2019-03-06,69.87
2019-03-07,69.6
2019-03-08,69.77
2019-03-11,69.47
2019-03-12,69.25
2019-03-13,69.2
2019-03-14,69.09
2019-03-15,68.65
2019-03-18,68.15
2019-03-19,68.59
2019-03-20,68.43
2019-03-21,68.17
2019-03-22,68.59
2019-03-25,68.53
2019-03-26,68.47
2019-03-27,68.75
2019-03-28,68.94
2019-03-29,68.79
2019-04-01,68.93
2019-04-02,68.36
2019-04-03,68.03
2019-04-04,68.77
2019-04-05,68.86
2019-04-08,69.25
2019-04-09,68.94
2019-04-10,68.76
2019-04-11,68.58
2019-04-12,68.77
2019-04-15,69.03
2019-04-16,69.18
2019-04-17,69.03
2019-04-18,69.0
2019-04-23,69.25
2019-04-24,69.46
2019-04-25,69.9
2019-04-26,69.63
2019-04-29,69.44
2019-04-30,69.2
2019-05-02,68.98
2019-05-03,68.87
2019-05-06,69.02
2019-05-07,69.02
2019-05-08,69.31
2019-05-09,69.6
2019-05-10,69.61
2019-05-13,70.17
2019-05-14,70.02
2019-05-15,69.97
2019-05-16,69.65
2019-05-17,69.81
2019-05-20,69.27
2019-05-21,69.3
2019-05-22,69.31
2019-05-23,69.56
2019-05-24,69.16
2019-05-27,69.14
2019-05-28,69.22
2019-05-29,69.43
2019-05-30,69.5
2019-05-31,69.33
2019-06-03,68.87
2019-06-04,68.87
2019-06-05,68.94
2019-06-06,68.86
2019-06-07,69.1
2019-06-10,69.2
2019-06-11,69.06
2019-06-12,68.93
2019-06-13,69.12
2019-06-14,69.39
2019-06-17,69.56
2019-06-18,69.33
2019-06-19,69.28
2019-06-20,69.04
2019-06-21,69.16
2019-06-24,69.02
2019-06-25,68.96
2019-06-26,68.76
2019-06-27,68.71
2019-06-28,68.61
2019-07-01,68.55
2019-07-02,68.57
2019-07-03,68.45
2019-07-04,68.12
2019-07-05,68.09
2019-07-08,68.17
2019-07-09,68.13
2019-07-10,68.19
2019-07-11,67.97
2019-07-12,68.25
2019-07-15,68.13
2019-07-16,68.3
2019-07-17,68.48
2019-07-18,68.51
2019-07-19,68.43
2019-07-22,68.54
2019-07-23,68.54
2019-07-24,68.58
2019-07-25,68.59
2019-07-26,68.51
2019-07-29,68.39
2019-07-30,68.43
2019-07-31,68.39
2019-08-01,68.72
2019-08-02,69.25
2019-08-05,70.4
2019-08-06,70.42
2019-08-07,70.49
2019-08-08,70.35
2019-08-09,70.42
2019-08-12,70.85
2019-08-13,71.07
2019-08-14,70.89
2019-08-15,70.93
2019-08-16,70.76
2019-08-19,71.01
2019-08-20,71.33
2019-08-21,71.17
2019-08-22,71.42
2019-08-23,71.28
2019-08-26,71.63
2019-08-27,71.14
2019-08-28,71.42
2019-08-29,71.27
2019-08-30,71.05
2019-09-02,71.54
2019-09-03,72.02
2019-09-04,71.66
2019-09-05,71.42
2019-09-06,71.33
2019-09-09,71.29
2019-09-10,71.51
2019-09-11,71.29
2019-09-12,70.76
2019-09-13,70.57
2019-09-16,71.21
2019-09-17,71.39
2019-09-18,70.82
2019-09-19,70.93
2019-09-20,70.59
2019-09-23,70.56
2019-09-24,70.56
2019-09-25,70.66
2019-09-26,70.52
2019-09-27,70.09
2019-09-30,70.47
2019-10-01,70.72
2019-10-02,70.85
2019-10-03,70.58
2019-10-04,70.51
2019-10-07,70.6
2019-10-08,70.74
2019-10-09,70.67
2019-10-10,70.65
2019-10-11,70.69
2019-10-14,70.8
2019-10-15,71.11
2019-10-16,71.05
2019-10-17,70.77
2019-10-18,70.75
2019-10-21,70.47
2019-10-22,70.52
2019-10-23,70.48
2019-10-24,70.62
2019-10-25,70.51
2019-10-28,70.36
2019-10-29,70.47
2019-10-30,70.54
2019-10-31,70.54
2019-11-01,70.37
2019-11-04,70.34
2019-11-05,70.3
2019-11-06,70.56
2019-11-07,70.52
2019-11-08,70.89
2019-11-11,71.15
2019-11-12,71.3
2019-11-13,71.68
2019-11-14,71.54
2019-11-15,71.36
2019-11-18,71.42
2019-11-19,71.29
2019-11-20,71.43
2019-11-21,71.35
2019-11-22,71.3
2019-11-25,71.32
2019-11-26,71.13
2019-11-27,70.96
2019-11-28,71.22
2019-11-29,71.26
2019-12-02,71.26
2019-12-03,71.36
2019-12-04,71.14
2019-12-05,70.84
2019-12-06,70.86
2019-12-09,70.68
2019-12-10,70.53
2019-12-11,70.41
2019-12-12,70.49
2019-12-13,70.36
2019-12-16,70.58
2019-12-17,70.57
2019-12-18,70.59
2019-12-19,70.7
2019-12-20,70.8
2019-12-23,70.89
2019-12-24,70.87
2019-12-27,71.01
2019-12-30,70.94
2019-12-31,70.99
2020-01-02,71.0
2020-01-03,71.39
2020-03-09,73.77
2020-03-10,73.45
2020-03-11,73.29
2020-04-01,76.05
2020-04-02,76.02
2020-04-03,75.85
2020-04-06,75.7
2020-04-07,75.17
2020-04-08,75.84
2020-04-09,75.92
2020-04-14,75.77
2020-04-15,76.11
2020-04-16,76.48
2020-04-17,76.09
2020-04-21,76.55
2020-04-22,76.14
2020-04-23,75.68
2020-04-24,75.88
2020-04-27,75.74
2020-04-28,75.48
2020-05-04,75.27
2020-05-05,75.36
2020-05-06,75.47
2020-05-07,75.44
2020-05-08,75.2
2020-05-11,75.46
2020-05-13,74.9
2020-05-14,75.21
2020-05-15,75.54
2020-05-18,75.44
2020-05-19,75.27
2020-05-20,75.23
2020-05-21,75.11
2020-05-22,75.48
2020-05-25,75.5
2020-05-26,75.17
2020-05-27,75.34
2020-05-28,75.37
2020-05-29,75.13
2020-06-01,75.12
2020-08-17,74.44
2020-08-18,74.26
2020-08-19,74.46
2020-08-20,74.71
2020-08-21,74.55
2020-08-24,73.7
2020-10-19,72.92
2020-10-20,73.15
2020-10-21,73.33
2021-01-04,72.63
2021-01-05,72.85
2021-02-11,72.39
2021-02-12,72.19
2021-02-15,72.22
2021-02-16,72.43
2021-04-01,73.02
2021-04-06,73.01
2021-07-27,74.05
2021-07-28,74.0
2021-07-29,73.87
2021-07-30,73.94
2021-08-02,73.98
2021-08-03,73.84
2021-08-04,73.77
2021-08-05,73.73
2021-08-06,73.72
2021-08-09,73.86
2021-08-10,73.99
2021-08-11,73.99
2021-08-12,73.82
2021-08-13,73.87
2021-08-16,73.83
2021-08-17,73.92
2021-09-06,72.7
2021-09-07,73.08
2021-09-08,73.18
2021-09-14,73.28
2021-09-15,73.07
2021-09-16,73.12
2021-10-15,74.57
2021-10-18,74.94
2021-10-19,74.69
